"UNIQUE_ID","STATION_ID","AGENCY_CODE","DATE","METHOD","SAMPLE_NUMBER","CONDITION","RICH","SHANNON","SIMPSONS","HURLBERTS_PIE","MARGALEFS","MENHINICKS","PIELOU","RICH_EPT","PCT_EPT_RICH","RICH_COTE","RICH_POTEC","RICH_COLLECT","RICH_GATHER","RICH_FILTER","RICH_SHRED","RICH_SCRAPE","RICH_PREDATOR","RICH_CLIMB","RICH_SWIM","RICH_CLING","RICH_BURROW","RICH_SPRAWL","RICH_SKATE","RICH_NCO","RICH_INTOL_0_3","RICH_INTOL_0_4","RICH_MODTOL_4_6","RICH_TOL_7_10","RICH_TOL_5_10","RICH_EPT_NO_TOL","PCT_EPT_RICH_NO_TOL","BECKS_V1","BECKS_V3","PCT_DOM1","PCT_DOM2","PCT_DOM3","PCT_DOM4","PCT_DOM5","ABUNDANCE","ASPT_MOD","HBI","PCT_URBAN_INTOL","PCT_INTOL_0_3","PCT_INTOL_0_4","PCT_MOD_TOL_4_6","PCT_TOLERANT_7_10","PCT_TOLERANT_5_10","PCT_EPT_HYDRO_BAETID","PCT_EPT_NO_HYDRO","PCT_NON_HYDROP_TRICHOPTERA","PCT_EPHEMEROPTERA_NO_BAETID","PCT_HYDRO_EPT","PCT_OLIGO_CHIRO","PCT_ANNELID_CHIRO","PCT_LIMESTONE","PCT_CC_CHIRO","PCT_EPT_CHEUMATOPSYCHE","PCT_EPT_HYDROPSYCHE","PCT_EPT","PCT_COTE","PCT_POTEC","GOLD","PCT_COLLECT","PCT_FILTER","PCT_GATHER","PCT_PREDATOR","PCT_SCRAPE","PCT_SHRED","PCT_BURROW","PCT_CLIMB","PCT_CLING","PCT_SKATE","PCT_SPRAWL","PCT_SWIM","PCT_ANNELIDA","PCT_ARTHROPODA","PCT_MOLLUSCA","PCT_PLATYHELMINTHES","PCT_ARACHNIDA","PCT_BIVALVIA","PCT_GASTROPODA","PCT_INSECTA","PCT_OLIGOCHAETA","PCT_AMPHIPODA","PCT_COLEOPTERA","PCT_DECAPODA","PCT_DIPTERA","PCT_EPHEMEROPTERA","PCT_LEPIDOPTERA","PCT_MEGALOPTERA","PCT_ODONATA","PCT_PLECOPTERA","PCT_TRICHOPTERA","PCT_ANCYLIDAE","PCT_BAETIDAE","PCT_BRACHYCENTRIDAE","PCT_CAENIDAE","PCT_CALOPTERYGIDAE","PCT_CAMBARIDAE","PCT_CAPNIIDAE","PCT_CERATOPOGONIDAE","PCT_CHIRONOMIDAE","PCT_CHLOROPERLIDAE","PCT_COENAGRIONIDAE","PCT_CORBICULIDAE","PCT_CORDULIIDAE","PCT_CORYDALIDAE","PCT_CRANGONYCTIDAE","PCT_DIXIDAE","PCT_DRYOPIDAE","PCT_ELMIDAE","PCT_EMPIDIDAE","PCT_EPHEMERELLIDAE","PCT_EPHEMERIDAE","PCT_GLOSSOSOMATIDAE","PCT_GOMPHIDAE","PCT_HEPTAGENIIDAE","PCT_HYDROPHILIDAE","PCT_HYDROPSYCHIDAE","PCT_HYDROPTILIDAE","PCT_ISONYCHIIDAE","PCT_LEBERTIIDAE","PCT_LEPIDOSTOMATIDAE","PCT_LEPTOPHLEBIIDAE","PCT_LEUCTRIDAE","PCT_LIBELLULIDAE","PCT_LIMNEPHILIDAE","PCT_LYMNAEIDAE","PCT_MACROMIIDAE","PCT_NEMOURIDAE","PCT_PERLIDAE","PCT_PERLODIDAE","PCT_PHILOPOTAMIDAE","PCT_PHYSIDAE","PCT_PLANARIIDAE","PCT_POLYCENTROPODIDAE","PCT_PSEPHENIDAE","PCT_RHYACOPHILIDAE","PCT_SIMULIIDAE","PCT_TAENIOPTERYGIDAE","PCT_TIPULIDAE","PCT_TORRENTICOLIDAE","PCT_UENOIDAE","PCT_ACRONEURIA","PCT_AGAPETUS","PCT_AMPHINEMURA","PCT_ANCYRONYX","PCT_ANTOCHA","PCT_ARGIA","PCT_ARIGOMPHUS","PCT_ATTENELLA","PCT_BEZZIA","PCT_CAENIS","PCT_CAMBARUS","PCT_CHELIFERA","PCT_CHEUMATOPSYCHE","PCT_CHIMARRA","PCT_CLINOCERA","PCT_CORBICULA","PCT_CORYDALUS","PCT_CRANGONYX","PCT_CULICOIDES","PCT_DASYHELEA","PCT_DIPHETOR","PCT_DIPLECTRONA","PCT_DIXA","PCT_DROMOGOMPHUS","PCT_DUBIRAPHIA","PCT_ECCOPTURA","PCT_ECTOPRIA","PCT_EPHEMERELLA","PCT_EPITHECA","PCT_EURYLOPHELLA","PCT_FERRISSIA","PCT_GOMPHUS","PCT_HAGENIUS","PCT_HELICHUS","PCT_HEMERODROMIA","PCT_HETAERINA","PCT_HETEROCLOEON","PCT_HEXAGENIA","PCT_HYDATOPHYLAX","PCT_HYDROPSYCHE","PCT_HYDROPTILA","PCT_IRONOQUIA","PCT_ISONYCHIA","PCT_ISOPERLA","PCT_LANTHUS","PCT_LEBERTIA","PCT_LEPIDOSTOMA","PCT_LEUCROCUTA","PCT_LEUCTRA","PCT_MACCAFFERTIUM","PCT_MACROMIA","PCT_MACRONYCHUS","PCT_MALLOCHOHELEA","PCT_MICRASEMA","PCT_NEOPHYLAX","PCT_NIGRONIA","PCT_OPTIOSERVUS","PCT_ORCONECTES","PCT_OULIMNIUS","PCT_PARALEPTOPHLEBIA","PCT_PARALEUCTRA","PCT_PARANEMOURA","PCT_PERITHEMIS","PCT_PISIDIUM","PCT_POLYCENTROPUS","PCT_PROBEZZIA","PCT_PROSIMULIUM","PCT_PYCNOPSYCHE","PCT_RHYACOPHILA","PCT_SERRATELLA","PCT_SHIPSA","PCT_SIMULIUM","PCT_SOMATOCHLORA","PCT_SPERCHON","PCT_SPHAERIUM","PCT_STACTOBIELLA","PCT_STEGOPTERNA","PCT_STENACRON","PCT_STENELMIS","PCT_STENONEMA","PCT_STILOBEZZIA","PCT_STYLOGOMPHUS","PCT_TAENIOPTERYX","PCT_TIPULA","PCT_TORRENTICOLA","PCT_WORMALDIA","RICH_ANNELIDA","RICH_ARTHROPODA","RICH_MOLLUSCA","RICH_PLATYHELMINTHES","RICH_OLIGOCHAETA","RICH_ARACHNIDA","RICH_INSECTA","RICH_BIVALVIA","RICH_GASTROPODA","RICH_COLEOPTERA","RICH_DIPTERA","RICH_EPHEMEROPTERA","RICH_PLECOPTERA","RICH_TRICHOPTERA","RICH_DECAPODA","RICH_MEGALOPTERA","RICH_ODONATA","RICH_AMPHIPODA","RICH_LEPIDOPTERA","RICH_LEBERTIIDAE","RICH_ELMIDAE","RICH_CHIRONOMIDAE","RICH_EMPIDIDAE","RICH_SIMULIIDAE","RICH_EPHEMERELLIDAE","RICH_HEPTAGENIIDAE","RICH_ISONYCHIIDAE","RICH_LEPTOPHLEBIIDAE","RICH_LEUCTRIDAE","RICH_NEMOURIDAE","RICH_PERLIDAE","RICH_PERLODIDAE","RICH_HYDROPSYCHIDAE","RICH_HYDROPTILIDAE","RICH_LIMNEPHILIDAE","RICH_PHILOPOTAMIDAE","RICH_CAMBARIDAE","RICH_DRYOPIDAE","RICH_PSEPHENIDAE","RICH_TIPULIDAE","RICH_CORYDALIDAE","RICH_CALOPTERYGIDAE","RICH_GOMPHIDAE","RICH_LIBELLULIDAE","RICH_MACROMIIDAE","RICH_CAPNIIDAE","RICH_GLOSSOSOMATIDAE","RICH_LEPIDOSTOMATIDAE","RICH_ANCYLIDAE","RICH_TORRENTICOLIDAE","RICH_CRANGONYCTIDAE","RICH_BAETIDAE","RICH_CAENIDAE","RICH_TAENIOPTERYGIDAE","RICH_UENOIDAE","RICH_HYDROPHILIDAE","RICH_CERATOPOGONIDAE","RICH_BRACHYCENTRIDAE","RICH_PLANARIIDAE","RICH_RHYACOPHILIDAE","RICH_COENAGRIONIDAE","RICH_CORDULIIDAE","RICH_POLYCENTROPODIDAE","RICH_CHLOROPERLIDAE","RICH_CORBICULIDAE","RICH_DIXIDAE","RICH_EPHEMERIDAE","RICH_PHYSIDAE","RICH_LYMNAEIDAE","PCT_TRICHOP_NO_HYDRO","FBI"
"QCNF01_2004","QCNF01","FAIRFAX_COUNTY",2004,"NONE",1,"Reference",30,2.00919347366659,0.758278802300218,0.761373817819811,5.26762099806741,1.91273013919001,0.590731218511259,19,63.3333333333333,15,21,16,7,9,6,3,5,3,1,17,5,4,0,28,14,20,12,4,10,9,55,0,0,40.2439024390244,66.260162601626,73.1707317073171,80.0813008130081,83.3333333333333,246,2.16901408450704,4.10975609756098,95.9349593495935,55.6910569105691,58.9430894308943,41.0569105691057,3.2520325203252,41.0569105691057,81.4814814814815,81.4814814814815,33.3333333333333,5.28455284552846,18.5185185185185,27.6422764227642,27.6422764227642,2.84552845528455,0,18.6991869918699,21.1382113821138,17.8861788617886,12.1951219512195,22.7642276422764,24.390243902439,84.9593495934959,53.6585365853659,31.3008130081301,2.84552845528455,2.03252032520325,10.1626016260163,28.8617886178862,1.6260162601626,59.7560975609756,0,9.34959349593496,0.40650406504065,1.6260162601626,97.9674796747967,0.40650406504065,0,1.21951219512195,0.40650406504065,0,96.7479674796748,1.6260162601626,0,0.813008130081301,0,73.9837398373984,5.28455284552846,0,0,0,10.5691056910569,6.09756097560976,0,0,0,0,0,0,0,0,26.0162601626016,0,0,0,0,0,0,0,0,0.813008130081301,0.40650406504065,2.84552845528455,0,0,0,1.6260162601626,0,4.0650406504065,0.40650406504065,0.40650406504065,0.40650406504065,0,0.40650406504065,1.21951219512195,0,0.40650406504065,0,0,8.13008130081301,0.813008130081301,0.40650406504065,1.21951219512195,0,0,0,0,0,47.5609756097561,0,0,0,0,0.813008130081301,0,6.91056910569106,0,0,0,0,0,0,0,0,0.40650406504065,3.2520325203252,0.40650406504065,0,0,0,0,0,0,0,0,0,0,0,0,0,0.813008130081301,0,0.40650406504065,0,0,0,0,0,0,0,0,0,0.813008130081301,0,0.40650406504065,0.40650406504065,0.40650406504065,0,0.40650406504065,0,0,1.21951219512195,0,0,0,0,0,0,0,0.40650406504065,0,0.40650406504065,0,0,0,0,0.40650406504065,0,0,40.2439024390244,0,0,1.6260162601626,0.813008130081301,6.91056910569106,0,0.813008130081301,0,0.40650406504065,0,0.40650406504065,0,1.21951219512195,0,0,0,0,0,0.813008130081301,1,28,1,0,1,2,26,1,0,2,5,7,6,6,0,0,0,0,0,1,2,1,1,3,3,2,1,1,1,3,1,1,2,1,1,2,0,0,0,0,0,0,0,0,0,0,0,0,0,0,0,0,0,0,0,0,0,0,0,0,0,0,0,0,0,0,0,0,0,2.03252032520325,4.83539094650206
"QCNF01_2005","QCNF01","FAIRFAX_COUNTY",2005,"NONE",1,"Reference",40,2.94934239358054,0.913259766167521,0.917872189228973,7.36779786756941,2.83552482003334,0.799522573254965,17,42.5,24,28,18,9,9,5,7,10,3,1,22,4,9,0,39,15,23,23,2,17,9,41.3793103448276,0,0,17.0854271356784,33.1658291457286,44.2211055276382,54.2713567839196,58.7939698492462,199,3.8695652173913,4.22613065326633,88.4422110552764,32.6633165829146,56.2814070351759,65.8291457286432,1.50753768844221,43.7185929648241,76.271186440678,76.271186440678,22.2222222222222,33.6683417085427,23.728813559322,17.0854271356784,17.0854271356784,10.0502512562814,0,48.2412060301507,56.78391959799,45.2261306532663,62.8140703517588,70.3517587939699,72.8643216080402,58.2914572864322,22.1105527638191,36.1809045226131,8.5427135678392,24.1206030150754,9.04522613065327,21.105527638191,1.50753768844221,63.8190954773869,0,10.0502512562814,1.50753768844221,0,98.4924623115578,1.50753768844221,0,0,1.00502512562814,0.50251256281407,97.9899497487437,0,0,7.53768844221105,0.50251256281407,26.6331658291457,33.6683417085427,0,1.00502512562814,3.51758793969849,7.53768844221105,18.0904522613065,0.50251256281407,0,0,0,0.50251256281407,0.50251256281407,1.00502512562814,0,17.0854271356784,0,0,0,0,1.00502512562814,0,0,2.01005025125628,5.0251256281407,2.01005025125628,10.0502512562814,0,0.50251256281407,2.01005025125628,20.1005025125628,0,14.070351758794,0,1.50753768844221,0,0.50251256281407,0,0,0.50251256281407,1.00502512562814,0,0.50251256281407,4.52261306532663,0.50251256281407,0,1.50753768844221,0,0,0,0.50251256281407,0,4.02010050251256,0,3.51758793969849,0,0,0.50251256281407,0.50251256281407,4.52261306532663,2.01005025125628,1.50753768844221,0,0,0,0,0,0,0.50251256281407,11.0552763819095,1.50753768844221,1.50753768844221,0,0,0,0,0,0,0,0,0,2.01005025125628,0,0.50251256281407,10.0502512562814,0,0,0.50251256281407,0,1.00502512562814,2.01005025125628,0,0.50251256281407,0,0,1.00502512562814,2.51256281407035,0,0,1.50753768844221,0,1.00502512562814,0,0.50251256281407,0,0,0,0.50251256281407,0.50251256281407,0,0,0,1.00502512562814,0,0.50251256281407,0.50251256281407,0,0,0,0.50251256281407,0,0,0,3.01507537688442,0,0,0,0,0.50251256281407,0,0,1.00502512562814,0,0,0,0,16.0804020100502,0,0,0,2.01005025125628,0,0,0,38,2,0,0,0,37,1,1,6,8,5,4,8,1,1,5,0,0,0,4,1,2,3,1,2,1,0,0,1,1,0,3,0,1,1,1,1,1,2,1,1,2,1,1,1,1,1,1,0,0,0,0,0,0,0,0,0,0,0,0,0,0,0,0,0,0,0,0,4.02010050251256,4.01015228426396
"QCNF01_2006","QCNF01","FAIRFAX_COUNTY",2006,"NONE",1,"Reference",33,2.76459725870465,0.904848076761215,0.909017883566567,5.94298994183207,2.23504202287937,0.790673896768334,15,45.4545454545455,16,20,14,10,4,4,5,9,4,1,16,4,6,0,31,13,17,14,5,15,6,32,0,0,18.348623853211,32.5688073394495,46.7889908256881,55.5045871559633,61.9266055045872,218,2.67058823529412,5.10576923076923,74.3119266055046,39.4495412844037,43.5779816513761,32.5688073394495,23.394495412844,51.8348623853211,88.7755102040816,100,100,9.63302752293578,0,32.5688073394495,32.5688073394495,10.5504587155963,0,44.954128440367,44.954128440367,44.954128440367,23.394495412844,50.9174311926605,59.6330275229358,55.5045871559633,8.71559633027523,46.7889908256881,10.5504587155963,5.04587155963303,24.3119266055046,34.8623853211009,4.12844036697248,27.9816513761468,0,27.5229357798165,0.458715596330275,18.348623853211,80.2752293577982,1.37614678899083,0,3.6697247706422,1.37614678899083,0,73.8532110091743,18.348623853211,2.75229357798165,4.58715596330275,0,22.0183486238532,14.6788990825688,0.458715596330275,0.458715596330275,1.37614678899083,27.5229357798165,2.75229357798165,0,5.04587155963303,0,0.458715596330275,0,0,0,0,14.2201834862385,0,0,0,0,0.458715596330275,2.75229357798165,0,0,4.58715596330275,0.458715596330275,7.79816513761468,0,0,0.917431192660551,0.917431192660551,0,0,0.458715596330275,0,1.37614678899083,0,0.458715596330275,0,0,0.917431192660551,0,0.458715596330275,14.2201834862385,0,4.58715596330275,0,0,0,0,0,0,7.3394495412844,8.71559633027523,0,0.917431192660551,1.37614678899083,0,0,14.2201834862385,0,0,0,0,0.917431192660551,0,0.458715596330275,0,0,0,0,0.458715596330275,0,0,2.75229357798165,0,0,0,0,0,0,2.29357798165138,0,0,4.12844036697248,0,0,0,0,0,0,0,0,0,0,0,0,0.458715596330275,0,0,0.458715596330275,0,1.37614678899083,0,0,0,0,0.458715596330275,0,0,0,1.37614678899083,0.458715596330275,0,0,1.8348623853211,0,0,0,0,0,0,0,0.458715596330275,0.917431192660551,0,2.75229357798165,0,6.42201834862385,0,1.37614678899083,1.37614678899083,0,0,0,0.458715596330275,0.917431192660551,0,0,8.71559633027523,0,0.917431192660551,0,1,31,1,0,1,3,27,1,0,3,5,8,4,3,0,1,2,1,1,1,3,1,1,3,3,1,0,1,0,1,0,2,0,1,1,0,0,0,0,0,1,0,1,0,1,0,0,0,0,1,1,2,1,1,1,0,0,0,0,0,0,0,0,0,0,0,0,0,0,2.75229357798165,4.70283018867925
"QCNF01_2007","QCNF01","FAIRFAX_COUNTY",2007,"NONE",1,"Reference",29,2.13674642412328,0.773185595567867,0.777276524644946,5.33635821275561,2.10388112531903,0.634558569251655,12,41.3793103448276,10,15,14,9,5,4,3,7,2,4,13,4,5,0,27,9,12,15,4,16,4,25,0,0,42.6315789473684,58.421052631579,68.4210526315789,76.8421052631579,79.4736842105263,190,2.37931034482759,4.56613756613757,81.5789473684211,55.7894736842105,58.421052631579,27.3684210526316,16.3157894736842,41.0526315789474,83.3333333333333,93.3333333333333,33.3333333333333,1.57894736842105,6.66666666666667,25.7894736842105,25.7894736842105,1.05263157894737,0,14.7368421052632,15.7894736842105,14.7368421052632,6.8421052631579,17.8947368421053,25.7894736842105,77.8947368421053,46.3157894736842,31.5789473684211,8.94736842105263,2.10526315789474,10.5263157894737,28.4210526315789,4.73684210526316,52.1052631578947,0,12.1052631578947,2.10526315789474,10,87.8947368421053,0.526315789473684,1.57894736842105,4.73684210526316,0.526315789473684,0,82.1052631578947,10,0,2.10526315789474,1.05263157894737,64.2105263157895,3.15789473684211,0,0,0,11.0526315789474,1.57894736842105,0,1.57894736842105,0.526315789473684,0,0,1.05263157894737,0,3.15789473684211,15.7894736842105,0,0,0,0,0,0,0,1.05263157894737,0.526315789473684,0,1.05263157894737,0,0,0,0.526315789473684,0.526315789473684,1.05263157894737,0,0,2.63157894736842,0,0,1.05263157894737,0,0,0,0,8.94736842105263,0,1.05263157894737,0,0,1.57894736842105,0,0,0,45.2631578947368,0,0,0,0,0,0,8.42105263157895,0,0,0,0,0,2.10526315789474,0,1.05263157894737,0,1.05263157894737,0,0,0,0,0,0,0.526315789473684,0.526315789473684,0,0,0,0.526315789473684,0,0,0,0,0,0,0,0,1.05263157894737,0,0,0.526315789473684,0,0,0,0,0,0,0.526315789473684,0,2.63157894736842,0,0,0,0,0,0,0,0.526315789473684,0,0,0,0,0,0,0,0.526315789473684,0,0,0,0.526315789473684,42.6315789473684,0,0,1.05263157894737,0,0.526315789473684,0,2.10526315789474,0,0,1.57894736842105,0,0,0.526315789473684,0,0,0,0,0,0,1,26,1,1,1,2,23,1,0,3,8,5,5,2,1,0,0,0,0,1,1,1,0,4,1,1,0,0,1,2,0,2,1,0,0,0,1,1,0,0,0,0,0,0,0,0,0,0,0,0,0,3,0,0,0,1,3,1,1,0,0,0,0,0,0,0,0,0,0,0.526315789473684,5.27567567567568
"QCNF01_2008","QCNF01","FAIRFAX_COUNTY",2008,"NONE",1,"Reference",25,2.04373647202654,0.753719008264463,0.757160647571606,4.44969545889962,1.68549965615811,0.634922433551852,15,60,15,19,12,7,5,3,5,4,0,2,16,2,4,0,23,13,15,10,1,9,10,52.3809523809524,0,0,45,62.2727272727273,70.4545454545455,75.9090909090909,79.0909090909091,220,1.75,4.19178082191781,96.8181818181818,38.6363636363636,41.3636363636364,59.0909090909091,1.81818181818182,58.1818181818182,96.6101694915254,96.6101694915254,83.3333333333333,9.09090909090909,3.38983050847458,7.27272727272727,7.27272727272727,2.27272727272727,0,25.9090909090909,26.8181818181818,25.9090909090909,17.2727272727273,29.5454545454545,30,81.3636363636364,66.3636363636364,15,4.54545454545455,4.54545454545455,9.09090909090909,7.27272727272727,0,78.1818181818182,0,11.8181818181818,2.27272727272727,1.81818181818182,97.7272727272727,0.454545454545455,0,0,0.454545454545455,0,97.7272727272727,1.81818181818182,0,2.72727272727273,0,68.1818181818182,9.09090909090909,0,0,0,12.2727272727273,5.45454545454545,0,0,0.454545454545455,2.72727272727273,0,0,0,0,5.45454545454545,0,0,0,0,0,0,0,0.454545454545455,2.27272727272727,0.454545454545455,2.27272727272727,0,0,0,1.81818181818182,0,0.909090909090909,0,0.454545454545455,0,0,1.81818181818182,0.454545454545455,0,0,0,0,8.18181818181818,0.454545454545455,3.18181818181818,2.72727272727273,0,0,0,0,0.454545454545455,62.2727272727273,0,0,0,0.909090909090909,0.454545454545455,0,8.18181818181818,0,0,0,0,0,0,2.72727272727273,0,0.454545454545455,0.909090909090909,0,0,0,0,0,0,0,0,0,0,0,0.909090909090909,0,0,1.36363636363636,0,0.909090909090909,0,0,0,0.454545454545455,0,0,0,0,0,0,0,0,0.454545454545455,3.18181818181818,0,0,0,0,0,1.81818181818182,0,0,0,0.454545454545455,0.909090909090909,0,0,0,0.909090909090909,1.81818181818182,0.454545454545455,0,0,0,0,0,17.2727272727273,0,0.454545454545455,0,0,45,0,0,0,0,0,0,0.454545454545455,0,0,0,0,0,0,2.72727272727273,1,23,1,0,1,0,23,1,0,4,4,6,4,5,0,0,0,0,0,0,3,1,1,2,2,1,1,1,1,1,1,1,1,0,0,1,0,1,0,0,0,0,0,0,0,0,0,0,0,0,0,0,1,0,1,0,0,1,0,1,0,0,0,0,0,0,0,0,0,4.54545454545454,4.54337899543379
"QCNF01_2009","QCNF01","FAIRFAX_COUNTY",2009,"NONE",1,"Reference",26,1.82436118849932,0.659473523109887,0.66282110444547,4.72744660110642,1.84773954174862,0.559946940555416,16,61.5384615384615,13,19,12,6,6,4,5,5,1,1,17,3,4,0,24,13,17,12,1,9,9,52.6315789473684,0,0,56.5656565656566,66.1616161616162,72.2222222222222,78.2828282828283,82.8282828282828,198,2.3671875,5.32828282828283,94.4444444444444,16.6666666666667,19.6969696969697,78.7878787878788,4.54545454545455,80.3030303030303,62.5,62.5,16.6666666666667,5.55555555555556,37.5,61.1111111111111,61.1111111111111,2.02020202020202,0,18.6868686868687,14.1414141414141,12.6262626262626,16.1616161616162,21.7171717171717,22.2222222222222,89.3939393939394,25.2525252525253,64.1414141414141,2.52525252525253,3.53535353535354,4.54545454545455,61.6161616161616,0.505050505050505,33.8383838383838,0,3.53535353535354,0.505050505050505,4.54545454545455,95.4545454545455,0,0,0,0,0,95.4545454545455,4.54545454545455,0,1.51515151515152,0,73.2323232323232,5.55555555555556,0,0.505050505050505,0,5.55555555555556,9.09090909090909,0,0,0,0,0,0,0,0.505050505050505,56.5656565656566,0,0,0,0,0.505050505050505,0,0,0.505050505050505,1.01010101010101,0.505050505050505,2.02020202020202,0,0,0,2.52525252525253,0,7.57575757575758,0,0.505050505050505,0,0,0.505050505050505,1.51515151515152,0,0,0,0,2.52525252525253,0.505050505050505,0.505050505050505,1.51515151515152,0,0,0,0,0,15.6565656565657,0.505050505050505,0,0,0,0.505050505050505,0,2.02020202020202,0,0,0,0,0,0.505050505050505,0,0,0,1.51515151515152,1.51515151515152,0,0,0,0,0,0,0,0,0,0,0.505050505050505,0,0,1.51515151515152,0,0,0,0,0,0.505050505050505,0.505050505050505,0,0,0,0,6.06060606060606,0,0,0.505050505050505,0.505050505050505,0,0,0,0,0,0.505050505050505,0,0,0,0,0,0.505050505050505,0,0,0.505050505050505,0,0,0,0,0,0,0,6.06060606060606,0,0,0.505050505050505,0.505050505050505,9.5959595959596,0,0,0,0,0,0,0,0.505050505050505,0,0,0.505050505050505,0,0,0,1,25,0,0,1,0,25,0,0,3,5,7,6,3,0,1,0,0,0,0,2,1,1,2,2,3,1,1,1,2,1,1,2,0,0,1,0,1,0,0,1,0,0,0,0,0,0,0,0,0,0,0,0,1,0,0,1,0,0,0,0,0,0,0,0,0,0,0,0,1.51515151515152,5.3989898989899
"QCNF01_2010","QCNF01","FAIRFAX_COUNTY",2010,"NONE",1,"Reference",34,2.48107759225247,0.805821638078265,0.809850746268657,6.22253492343088,2.39817509391923,0.703580242273309,19,55.8823529411765,20,25,15,10,5,4,6,9,2,2,19,4,7,0,32,15,21,18,1,13,11,46.1538461538462,0,0,41.2935323383085,52.2388059701493,56.7164179104478,60.6965174129353,64.6766169154229,201,2.30769230769231,3.52238805970149,91.5422885572139,74.1293532338308,81.0945273631841,23.8805970149254,1.99004975124378,18.9054726368159,82.3529411764706,87.0588235294118,50,10.9452736318408,12.9411764705882,5.97014925373134,5.97014925373134,5.97014925373134,0,38.3084577114428,40.7960199004975,36.81592039801,27.363184079602,45.771144278607,48.7562189054726,66.6666666666667,51.7412935323383,14.9253731343284,12.9353233830846,6.96517412935323,13.4328358208955,8.95522388059701,0.995024875621891,71.1442786069652,0,14.9253731343284,3.98009950248756,1.99004975124378,98.0099502487562,0,0,0,0,0,97.5124378109453,1.99004975124378,0.497512437810945,2.48756218905473,0,49.2537313432836,12.9353233830846,0,2.48756218905473,0.995024875621891,18.407960199005,10.9452736318408,0,1.99004975124378,0,0.995024875621891,0,0,0,2.48756218905473,3.98009950248756,0,0.497512437810945,0,0.497512437810945,2.48756218905473,0.497512437810945,0,0.995024875621891,1.49253731343284,0,5.4726368159204,0,0,0,1.99004975124378,0,5.4726368159204,0,1.99004975124378,0,0,0.497512437810945,0,0,0.497512437810945,0,0,11.9402985074627,2.48756218905473,0,2.98507462686567,0,0,0,0,0.497512437810945,41.2935323383085,0,1.49253731343284,0,0.995024875621891,1.49253731343284,0,10.9452736318408,0,0.497512437810945,0.497512437810945,0,0,1.99004975124378,0.995024875621891,0,0,3.98009950248756,2.98507462686567,0,0,0,0.497512437810945,0,0,0,0,0,0,0.497512437810945,0.995024875621891,0,4.47761194029851,0.497512437810945,0.995024875621891,0,0,0,0.995024875621891,0,0,1.99004975124378,0,0.497512437810945,1.49253731343284,0,0,1.99004975124378,0,0,0,0,0,0,1.99004975124378,0,0,0,0,0.995024875621891,2.48756218905473,0,0,0.497512437810945,0,0,0,0,0,0,0,41.2935323383085,0,0.497512437810945,0,0.995024875621891,0,0,0,0,0,0,0,0.497512437810945,0,0.497512437810945,0,0,0.995024875621891,0,0,1,33,0,0,1,0,32,0,0,4,6,7,5,7,0,1,2,1,0,0,3,1,0,1,2,1,1,1,0,2,2,0,2,0,1,1,0,1,0,2,1,0,0,0,0,0,0,0,0,0,1,1,1,0,1,0,2,0,0,1,1,1,0,0,0,0,0,0,0,5.4726368159204,4.19402985074627
"QCNF01_2011","QCNF01","FAIRFAX_COUNTY",2011,"NONE",1,"Reference",16,1.04696662175439,0.390775838702279,0.392568388421097,2.78341071561702,1.08117980543918,0.377613388295331,9,56.25,6,10,10,4,6,2,2,2,0,1,10,3,2,0,14,7,8,7,2,8,6,53.3333333333333,0,0,77.6255707762557,82.648401826484,87.2146118721461,89.9543378995434,92.6940639269406,219,3.4375,3.42009132420091,95.4337899543379,85.3881278538813,85.8447488584475,10.958904109589,3.65296803652968,14.1552511415525,90.4761904761905,90.4761904761905,33.3333333333333,2.28310502283105,9.52380952380952,5.47945205479452,5.47945205479452,0.91324200913242,0,8.67579908675799,9.58904109589041,8.67579908675799,4.5662100456621,10.5022831050228,11.8721461187215,92.6940639269406,85.8447488584475,6.84931506849315,0.91324200913242,1.36986301369863,5.02283105022831,6.39269406392694,0,87.6712328767123,0,5.02283105022831,0.91324200913242,2.73972602739726,96.3470319634703,0.91324200913242,0,0,0.91324200913242,0,95.8904109589041,2.73972602739726,0,0.91324200913242,0.45662100456621,85.3881278538813,2.28310502283105,0,0,0,5.93607305936073,1.36986301369863,0,0,0,0,0,0.45662100456621,0,0,2.73972602739726,0,0,0,0,0,0,0,0.91324200913242,0,0,0.91324200913242,0,0,0,0.45662100456621,0,0.91324200913242,0,0.91324200913242,0,0,0,0.45662100456621,0,0,0,0,4.5662100456621,0.45662100456621,0.45662100456621,0,0,0,0.45662100456621,0,0,82.648401826484,0,0,0,0,0,0,4.5662100456621,0,0,0,0,0,0,0,0,0,0.91324200913242,0,0,0,0,0,0,0,0,0,0,0,0,0,0,0.91324200913242,0,0,0,0,0,0.91324200913242,0,0,0,0,0,0,0,0,0.91324200913242,0,0,0,0,0,0,0.45662100456621,0,0,0,0,0,0,0,0,0,0,0,0,0,0.91324200913242,0,0,77.6255707762557,0,0,0,0,5.02283105022831,0,0,0,0,0,0,0,0,0,0,0,0,0,0,1,14,1,0,1,0,13,1,0,1,3,3,4,2,1,0,0,0,0,0,0,1,0,2,1,1,1,0,1,1,1,1,1,0,0,0,1,1,0,0,0,0,0,0,0,0,0,0,0,0,0,0,0,0,0,0,0,0,0,0,0,0,1,0,0,0,0,0,0,0.45662100456621,4.89400921658986
"QCNF01_2012","QCNF01","FAIRFAX_COUNTY",2012,"NONE",1,"Reference",29,2.33823876000705,0.832660515186467,0.836762291123346,5.26501847126622,2.03040612184061,0.694396595388068,16,55.1724137931034,16,22,14,7,7,2,3,9,0,2,18,6,2,0,27,13,17,14,1,11,10,50,0,0,32.3529411764706,51.9607843137255,62.7450980392157,70.5882352941177,75.4901960784314,204,2.44,3.53731343283582,92.6470588235294,60.7843137254902,63.2352941176471,35.2941176470588,2.45098039215686,35.2941176470588,96.1240310077519,98.4496124031008,85.7142857142857,4.90196078431373,1.55038759689922,22.0588235294118,22.0588235294118,2.45098039215686,0,62.2549019607843,63.2352941176471,62.2549019607843,17.156862745098,67.156862745098,68.1372549019608,43.6274509803922,16.6666666666667,26.9607843137255,9.31372549019608,2.45098039215686,43.1372549019608,24.0196078431373,0,29.9019607843137,0,43.1372549019608,1.47058823529412,2.45098039215686,97.0588235294118,0.490196078431373,0,0,0.490196078431373,0,97.0588235294118,2.45098039215686,0,2.94117647058824,0,29.4117647058824,6.37254901960784,0,0.490196078431373,0.980392156862745,50,6.86274509803922,0,1.47058823529412,0,0,0,0,0,0.490196078431373,19.6078431372549,0.980392156862745,0,0.490196078431373,0,0.490196078431373,0,0,0.490196078431373,2.45098039215686,0,2.45098039215686,0,0,0.980392156862745,0.980392156862745,0,0.980392156862745,0,0.490196078431373,0,0,0.980392156862745,10.7843137254902,0,0,0,0,32.3529411764706,0.490196078431373,1.47058823529412,4.90196078431373,0,0,0.490196078431373,0,0.490196078431373,9.31372549019608,0,0,0,0,0.490196078431373,0,32.3529411764706,0,0,0,0,0,0,0,0,0,0.980392156862745,0,0,0.490196078431373,0.490196078431373,0,0,0,0,0,0,0.490196078431373,0,0,0,1.96078431372549,0,0.490196078431373,0,0.490196078431373,0,0.490196078431373,0,0,0,0,0,0,0,0,0.490196078431373,1.47058823529412,0,0,0,0,10.7843137254902,0.980392156862745,0,0.490196078431373,0.490196078431373,0,0,0,0,0,0,0.980392156862745,0,0,0,0,0,0,1.47058823529412,0,0.490196078431373,0,0,7.84313725490196,0,0,0,0,0,0,0.980392156862745,0,0,0,0,0,0,4.90196078431373,1,27,1,0,1,0,27,1,0,4,4,6,6,4,0,1,2,0,0,0,3,1,0,2,2,1,1,1,1,1,1,1,1,0,0,1,0,1,0,0,1,0,2,0,0,0,0,0,0,0,0,1,0,0,0,0,1,0,0,1,0,0,1,1,1,0,0,0,0,5.88235294117647,3.44607843137255
"QCNF01_2013","QCNF01","FAIRFAX_COUNTY",2013,"NONE",1,"Reference",34,2.30151703892846,0.797970808116767,0.801752660287937,6.16064006212998,2.33512958712771,0.652660731329784,19,55.8823529411765,18,22,16,7,9,5,6,6,3,2,20,4,4,0,32,16,22,15,2,11,11,42.8571428571429,0,0,38.6792452830189,58.4905660377358,66.9811320754717,70.2830188679245,73.5849056603774,212,2.76923076923077,3.39903846153846,94.811320754717,74.0566037735849,82.0754716981132,22.1698113207547,1.88679245283019,16.0377358490566,93.4782608695652,95.6521739130435,75,9.43396226415094,4.34782608695652,9.90566037735849,9.90566037735849,2.83018867924528,0,41.9811320754717,42.9245283018868,41.5094339622642,19.3396226415094,44.811320754717,47.1698113207547,63.2075471698113,48.5849056603774,14.622641509434,4.24528301886792,5.66037735849057,25,11.3207547169811,1.88679245283019,57.5471698113208,0,24.0566037735849,3.30188679245283,1.41509433962264,96.2264150943396,2.35849056603774,0,0,1.88679245283019,0.471698113207547,96.2264150943396,1.41509433962264,0,0.943396226415094,0,50.9433962264151,10.377358490566,0,0.471698113207547,0.471698113207547,25.4716981132075,7.54716981132075,0,0.943396226415094,0.471698113207547,0,0,0,0,0,8.49056603773585,0,0,0,0.471698113207547,0.471698113207547,0,0.471698113207547,0,0.471698113207547,0.471698113207547,2.83018867924528,0.471698113207547,0,0,2.83018867924528,0,1.88679245283019,0,2.35849056603774,0,0,0.943396226415094,3.30188679245283,0,0.471698113207547,0,0,19.811320754717,0.471698113207547,1.88679245283019,3.77358490566038,0.471698113207547,0,0,0.471698113207547,0.471698113207547,40.5660377358491,0,0.943396226415094,0,0.471698113207547,0.471698113207547,0,19.811320754717,0,0,0,0,0,0,0,0,0,1.41509433962264,3.30188679245283,0.471698113207547,0,0.471698113207547,0,0,0,0,0,0.471698113207547,0,0,0,0.471698113207547,2.35849056603774,0,0.471698113207547,0,0,0,0,0,0,0.943396226415094,0.471698113207547,0,0.471698113207547,0,0,2.35849056603774,1.88679245283019,0,0,0,0,3.30188679245283,2.83018867924528,0,0,0,0.471698113207547,0.471698113207547,0,0,0,0.471698113207547,0,0,0,0,0,0,0,38.6792452830189,0.471698113207547,0.471698113207547,0,0,0.471698113207547,0.471698113207547,0,0,0,0.471698113207547,0,0,0,0,0,0,0.943396226415094,0,0.471698113207547,1,31,2,0,1,0,31,1,1,2,8,7,4,8,0,1,1,0,0,0,1,1,1,4,2,1,1,1,1,1,1,1,2,0,1,2,0,0,1,1,1,0,0,0,0,0,0,0,0,0,0,1,0,0,1,0,0,1,0,1,0,1,0,0,0,1,1,1,0,5.66037735849057,3.92788461538462
"QCNF01_2014","QCNF01","FAIRFAX_COUNTY",2014,"NONE",1,"Reference",30,2.79050980464962,0.910785081184819,0.915385005837267,5.478618927167,2.12664361502501,0.820449239345795,16,53.3333333333333,16,21,14,8,6,2,8,6,2,2,19,4,3,0,28,14,20,13,3,10,8,40.9090909090909,0,0,15.5778894472362,31.1557788944724,44.2211055276382,53.2663316582915,60.3015075376884,199,2.97727272727273,4.09045226130653,93.9698492462311,46.7336683417085,64.8241206030151,48.2412060301507,5.0251256281407,35.1758793969849,93.2038834951456,95.1456310679612,80,16.5829145728643,4.85436893203883,18.5929648241206,18.5929648241206,4.02010050251256,0,49.2462311557789,51.7587939698493,49.2462311557789,35.678391959799,57.286432160804,60.3015075376884,62.3115577889447,35.1758793969849,27.1356783919598,7.53768844221105,13.5678391959799,16.5829145728643,21.105527638191,1.50753768844221,56.2814070351759,0,18.0904522613065,3.01507537688442,3.01507537688442,94.9748743718593,2.01005025125628,0,0,1.50753768844221,0.50251256281407,94.9748743718593,3.01507537688442,0,4.52261306532663,0,36.1809045226131,17.5879396984925,0,1.50753768844221,1.00502512562814,21.608040201005,12.5628140703518,0,1.00502512562814,0,1.50753768844221,0,0,0,0,15.5778894472362,0,0,0,0,1.50753768844221,0,0,1.00502512562814,3.51758793969849,0,4.02010050251256,0,0,1.00502512562814,8.04020100502512,0,2.51256281407035,0,2.01005025125628,0,0,1.00502512562814,0,0,0,0.50251256281407,0,16.5829145728643,3.51758793969849,1.50753768844221,9.04522613065327,0,0,0,0,0,20.1005025125628,0,0.50251256281407,0,1.00502512562814,3.51758793969849,0,15.5778894472362,0,0.50251256281407,0,1.00502512562814,0,0,1.50753768844221,0,0,2.51256281407035,9.04522613065327,0,0,1.00502512562814,0,0,0,0,0,0,0,1.00502512562814,0,0,4.02010050251256,0,0,0,0,0,1.00502512562814,0,0,1.00502512562814,0,0,0,0,0,2.01005025125628,1.00502512562814,0,0,0,0,0,6.03015075376884,0,0,0,0,1.00502512562814,0.50251256281407,0,0,1.00502512562814,0,0,1.00502512562814,0,1.50753768844221,0,0,13.0653266331658,0,0,0,0,7.03517587939699,0,0,0,0,0,0.50251256281407,1.50753768844221,0,0,0,0,0,0,0,1,27,2,0,1,0,27,1,1,4,4,8,5,3,0,2,1,0,0,0,3,1,0,2,1,3,1,1,0,2,1,2,1,0,0,1,0,1,0,1,2,0,1,0,0,0,0,0,0,0,0,1,1,0,1,0,0,0,0,0,0,0,0,0,0,0,0,0,1,10.0502512562814,4.01530612244898
"QCNF01_2015","QCNF01","FAIRFAX_COUNTY",2015,"NONE",1,"Reference",29,2.74952077623569,0.896834766964637,0.900734048560136,5.14477232165913,1.90805991538333,0.816536744930646,15,51.7241379310345,16,20,14,6,8,3,6,6,0,2,18,6,3,0,28,12,17,15,2,12,6,35,0,0,25.974025974026,35.4978354978355,41.991341991342,48.0519480519481,54.1125541125541,231,4.91578947368421,4.08225108225108,98.2683982683983,36.7965367965368,54.1125541125541,61.9047619047619,1.2987012987013,45.8874458874459,81.8897637795276,82.6771653543307,42.1052631578947,19.047619047619,17.3228346456693,25.974025974026,25.974025974026,6.06060606060606,0,48.9177489177489,51.5151515151515,45.4545454545455,44.1558441558442,63.2034632034632,66.2337662337662,60.1731601731602,25.5411255411255,34.6320346320346,6.92640692640693,17.7489177489178,15.1515151515152,28.5714285714286,0,63.2034632034632,0,6.49350649350649,1.73160173160173,0,99.1341991341991,0.865800865800866,0,0,0.865800865800866,0,98.7012987012987,0,0,7.79220779220779,0.432900432900433,33.7662337662338,19.4805194805195,0,1.73160173160173,0.432900432900433,19.047619047619,16.4502164502165,0,0.432900432900433,0.432900432900433,0.865800865800866,0,0.432900432900433,0,0.865800865800866,25.974025974026,0,0,0,0,1.73160173160173,0,0,0.865800865800866,6.92640692640693,0,6.06060606060606,0,0,0.432900432900433,10.8225108225108,0,9.52380952380952,0,1.2987012987013,0,0,0,9.52380952380952,0,0,0,0,5.62770562770563,3.8961038961039,0,6.49350649350649,0,0,0,0,0,6.92640692640693,0,0,0,0,3.8961038961039,0,5.19480519480519,0,0,0,0,0,0.432900432900433,0.865800865800866,0,0,6.06060606060606,6.49350649350649,0,0,0.865800865800866,0,0.432900432900433,0,0,0,0,0,1.2987012987013,0,0,4.76190476190476,0,1.2987012987013,0,0,0,0.865800865800866,0,0,0.432900432900433,0,0,3.46320346320346,0,0,1.2987012987013,0,0,0,0,0,0,6.06060606060606,0,0,0,0,0,0.865800865800866,0,0,3.46320346320346,0,0,0,0,0,0,0,3.8961038961039,0,0,0,0,3.03030303030303,0,0,0.865800865800866,0,0,0,2.16450216450216,0,0,0.432900432900433,0,0,0,0,0,28,1,0,0,0,27,1,0,4,5,7,4,4,1,2,1,0,0,0,3,1,0,2,2,2,1,0,1,2,1,0,2,0,0,1,1,1,0,0,2,0,1,0,0,0,0,0,0,0,0,1,1,0,0,0,2,1,0,0,0,0,0,0,0,0,0,0,0,6.92640692640693,3.97816593886463
"QCNF01_2016","QCNF01","FAIRFAX_COUNTY",2016,"NONE",1,"Reference",32,2.57182153794547,0.829440599769319,0.833526514053898,5.8291275931876,2.24044813444482,0.74207083576907,17,53.125,21,24,16,8,8,3,6,6,0,2,22,4,3,0,30,11,19,19,1,12,6,36.3636363636364,0,0,38.7254901960784,44.6078431372549,50.4901960784314,55.8823529411765,59.8039215686275,204,2.94736842105263,4.79292929292929,98.0392156862745,23.0392156862745,30.8823529411765,72.5490196078431,1.47058823529412,66.1764705882353,73.75,82.5,26.3157894736842,14.7058823529412,17.5,40.1960784313725,40.1960784313725,5.3921568627451,0,33.3333333333333,38.7254901960784,32.3529411764706,36.7647058823529,48.5294117647059,49.0196078431373,71.078431372549,17.156862745098,53.921568627451,6.86274509803922,8.82352941176471,10.2941176470588,43.1372549019608,0,43.6274509803922,0,8.33333333333333,1.96078431372549,1.47058823529412,98.5294117647059,0,0,0,0,0,98.5294117647059,1.47058823529412,0,8.33333333333333,0,49.5098039215686,18.1372549019608,0,0.490196078431373,0.980392156862745,11.7647058823529,9.31372549019608,0,3.43137254901961,0.980392156862745,3.92156862745098,0,0,0,2.45098039215686,38.7254901960784,0,0,0,0,0.490196078431373,0,0,0,7.84313725490196,0,5.3921568627451,0,0,0.490196078431373,3.92156862745098,0,6.86274509803922,0,1.47058823529412,0,0,0,5.3921568627451,0,0,0,0.490196078431373,3.92156862745098,2.45098039215686,0,0.980392156862745,0,0,0.490196078431373,0.490196078431373,0,7.84313725490196,0,0.490196078431373,0,0,2.45098039215686,0,3.92156862745098,0,0.490196078431373,0,0,0,2.45098039215686,3.92156862745098,0,0,5.88235294117647,0.980392156862745,0,0,0.490196078431373,0,0,0,0,0.490196078431373,0,0,3.43137254901961,0,0.490196078431373,3.43137254901961,0,1.96078431372549,0,0,0,0,0,0,0,0,0,0.490196078431373,0,0,1.47058823529412,0,0,0,0,0.980392156862745,0,2.94117647058824,0.490196078431373,0,0,0.980392156862745,0,0,0.490196078431373,0,1.47058823529412,0,0,0,0,0,0.490196078431373,0,1.47058823529412,0,0,0,0,5.88235294117647,0,0,0,0,0,0,2.45098039215686,0,0,0.490196078431373,0,0,0,0,1,31,0,0,1,0,31,0,0,5,6,8,3,6,0,1,2,0,0,0,4,1,0,3,2,2,1,0,1,1,1,0,3,0,0,1,0,0,1,1,1,0,1,0,1,0,0,0,0,0,0,2,1,0,0,0,1,1,0,0,0,0,1,0,0,0,0,0,0,2.45098039215686,4.73039215686275
